﻿<parameters>
  <parameter name="IIS Web Application Name" defaultValue="WebAppAPI_17" tags="IisApp">
    <parameterEntry kind="ProviderPath" scope="IisApp" match="^D:\\3013\\WebAppAPI_17\ -\ 23\ -11-2020\\WebAppAPI_17\\obj\\Release\\Package\\PackageTmp$" />
    <parameterEntry kind="ProviderPath" scope="setAcl" match="^D:\\3013\\WebAppAPI_17\ -\ 23\ -11-2020\\WebAppAPI_17\\obj\\Release\\Package\\PackageTmp$" />
  </parameter>
  <parameter name="DefaultConnection-Web.config Connection String" defaultValue="Data Source=DIA-BD;Initial Catalog=aspnet-WebAppAPI_17-20201120104210;User ID=dbadm;Password=ldonid6591">
    <parameterEntry kind="XmlFile" scope="D:\\3013\\WebAppAPI_17\ -\ 23\ -11-2020\\WebAppAPI_17\\obj\\Release\\Package\\PackageTmp\\Web\.config$" match="/configuration/connectionStrings/add[@name='DefaultConnection']/@connectionString" />
  </parameter>
  <parameter name="DefaultConnection2-Web.config Connection String" description="DefaultConnection2 Строка подключения в web.config, используемая приложением для доступа к базе данных." defaultValue="Data Source=DIA-BD;Initial Catalog=diag_lcm;User ID=dbadm;Password=ldonid6591" tags="SqlConnectionString">
    <parameterEntry kind="XmlFile" scope="D:\\3013\\WebAppAPI_17\ -\ 23\ -11-2020\\WebAppAPI_17\\obj\\Release\\Package\\PackageTmp\\Web\.config$" match="/configuration/connectionStrings/add[@name='DefaultConnection2']/@connectionString" />
  </parameter>
</parameters>